Crumpets,Crumpets description,
Beans & Bacon breakfast,Beans description,(2 / 5)
Apple pie,Apple pie description,
Christmas crumble,Crumble description,
Supreme Strawberry Topping,A delicious Supreme Strawberry Topping,
Homemade Blueberry Pie,A delicious Homemade Blueberry Pie,
Blackberry Jam,Delicious Blackberry Jam,
Peach Desserts,Delicious Peach Desserts,(5.0 / 5)
Pear Desserts,Delicious Pear Desserts,(2.6 / 5)
Chef John's Blueberry Clafoutis,Delicious Chef John's Blueberry Clafoutis,(4.5 / 5)
Chef John's Blueberry Clafoutis,Delicious Chef John's Blueberry Clafoutis,(4.5 / 5)
Chef John's Blueberry Clafoutis,Delicious Chef John's Blueberry Clafoutis,(4.5 / 5)
Chef John's Blueberry Clafoutis,Delicious Chef John's Blueberry Clafoutis,(4.5 / 5)
